,timestamp,url,human_count,human_mode,reviewed
0,2023-08-14 10:03:30.744708,images/wave/2023-08-14 10:03:30.744708.png,3,surf,True
1,2023-08-14 10:05:00.073362,images/wave/2023-08-14 10:05:00.073362.png,2,surf,True
2,2023-08-14 10:06:28.846789,images/wave/2023-08-14 10:06:28.846789.png,3,surf,True
3,2023-08-14 11:25:25.849113,images/wave/2023-08-14 11:25:25.849113.png,2,surf,True
4,2023-08-14 11:45:56.618635,images/wave/2023-08-14 11:45:56.618635.png,2,surf,True
5,2023-08-14 11:48:29.342487,images/wave/2023-08-14 11:48:29.342487.png,3,surf,True
6,2023-08-14 12:48:59.117931,images/wave/2023-08-14 12:48:59.117931.png,8,surf,True
7,2023-08-14 13:49:30.098354,images/wave/2023-08-14 13:49:30.098354.png,6,surf,True
8,2023-08-14 14:49:57.065705,images/wave/2023-08-14 14:49:57.065705.png,6,surf,True
9,2023-08-14 15:50:23.646228,images/wave/2023-08-14 15:50:23.646228.png,7,surf,True
10,2023-08-14 16:50:53.997819,images/wave/2023-08-14 16:50:53.997819.png,12,surf,True
11,2023-08-17 12:56:10.745916,images/wave/2023-08-17 12:56:10.745916.png,8,surf,True
12,2023-08-17 13:56:40.226209,images/wave/2023-08-17 13:56:40.226209.png,12,surf,True
13,2023-08-17 14:57:10.104898,images/wave/2023-08-17 14:57:10.104898.png,12,surf,True
14,2023-08-17 15:57:39.786201,images/wave/2023-08-17 15:57:39.786201.png,7,surf,True
15,2023-08-17 16:58:10.117175,images/wave/2023-08-17 16:58:10.117175.png,12,surf,True
16,2023-08-17 17:58:39.956033,images/wave/2023-08-17 17:58:39.956033.png,12,surf,True
17,2023-08-17 18:59:07.799514,images/wave/2023-08-17 18:59:07.799514.png,12,surf,True
18,2023-08-17 19:59:38.694121,images/wave/2023-08-17 19:59:38.694121.png,9,surf,True
19,2023-08-18 08:00:09.444253,images/wave/2023-08-18 08:00:09.444253.png,2,surf,True
20,2023-08-18 09:00:38.182264,images/wave/2023-08-18 09:00:38.182264.png,4,surf,True
21,2023-08-18 10:01:08.743297,images/wave/2023-08-18 10:01:08.743297.png,4,surf,True
22,2023-08-18 11:01:39.360039,images/wave/2023-08-18 11:01:39.360039.png,9,surf,True
23,2023-08-18 12:02:09.613223,images/wave/2023-08-18 12:02:09.613223.png,3,surf,True
24,2023-08-28 16:04:44.718533,images/wave/2023-08-28 16:04:44.718533.png,10,surf,True
25,2023-08-28 17:05:14.350492,images/wave/2023-08-28 17:05:14.350492.png,11,surf,True
26,2023-08-28 18:05:44.747939,images/wave/2023-08-28 18:05:44.747939.png,13,surf,True
27,2023-08-28 19:06:15.238004,images/wave/2023-08-28 19:06:15.238004.png,13,surf,True
28,2023-08-28 20:06:46.187861,images/wave/2023-08-28 20:06:46.187861.png,12,surf,True
29,2023-08-29 09:07:49.695290,images/wave/2023-08-29 09:07:49.695290.png,1,surf,True
30,2023-08-29 11:08:47.390906,images/wave/2023-08-29 11:08:47.390906.png,1,surf,True
31,2023-08-29 12:09:18.550155,images/wave/2023-08-29 12:09:18.550155.png,3,surf,True
32,2023-08-29 13:09:50.171017,images/wave/2023-08-29 13:09:50.171017.png,6,surf,True
33,2023-08-29 14:10:20.061105,images/wave/2023-08-29 14:10:20.061105.png,5,surf,True
34,2023-08-29 15:10:48.072283,images/wave/2023-08-29 15:10:48.072283.png,9,surf,True
35,2023-08-29 16:11:14.873015,images/wave/2023-08-29 16:11:14.873015.png,7,surf,True
36,2023-08-29 17:11:45.223341,images/wave/2023-08-29 17:11:45.223341.png,9,surf,True
37,2023-08-29 18:12:15.314823,images/wave/2023-08-29 18:12:15.314823.png,9,surf,True
38,2023-08-29 19:12:46.714496,images/wave/2023-08-29 19:12:46.714496.png,5,surf,True
39,2023-08-29 20:13:18.509350,images/wave/2023-08-29 20:13:18.509350.png,10,surf,True
40,2023-08-31 12:22:12.222378,images/wave/2023-08-31 12:22:12.222378.png,6,surf,True
41,2023-08-31 13:22:42.304576,images/wave/2023-08-31 13:22:42.304576.png,9,surf,True
42,2023-08-31 14:23:10.870439,images/wave/2023-08-31 14:23:10.870439.png,10,surf,True
43,2023-08-31 15:23:40.049037,images/wave/2023-08-31 15:23:40.049037.png,6,surf,True
44,2023-08-31 16:24:10.058823,images/wave/2023-08-31 16:24:10.058823.png,8,surf,True
45,2023-08-31 17:24:40.265821,images/wave/2023-08-31 17:24:40.265821.png,7,surf,True
46,2023-08-31 18:25:09.942658,images/wave/2023-08-31 18:25:09.942658.png,8,surf,True
47,2023-08-31 19:25:36.727807,images/wave/2023-08-31 19:25:36.727807.png,12,surf,True
48,2023-08-31 20:26:07.434496,images/wave/2023-08-31 20:26:07.434496.png,4,surf,True
49,2023-09-01 08:26:39.012772,images/wave/2023-09-01 08:26:39.012772.png,6,surf,True
50,2023-09-01 09:27:08.490560,images/wave/2023-09-01 09:27:08.490560.png,4,surf,True
51,2023-09-01 10:27:36.481144,images/wave/2023-09-01 10:27:36.481144.png,6,surf,True
52,2023-09-01 11:28:06.664966,images/wave/2023-09-01 11:28:06.664966.png,5,surf,True
53,2023-09-02 12:34:56.710776,images/wave/2023-09-02 12:34:56.710776.png,11,surf,True
54,2023-09-02 13:35:26.313544,images/wave/2023-09-02 13:35:26.313544.png,12,surf,True
55,2023-09-02 14:35:56.414704,images/wave/2023-09-02 14:35:56.414704.png,7,surf,True
56,2023-09-02 15:36:24.164883,images/wave/2023-09-02 15:36:24.164883.png,6,surf,True
57,2023-09-02 16:36:53.892058,images/wave/2023-09-02 16:36:53.892058.png,7,surf,True
58,2023-09-02 17:37:24.018101,images/wave/2023-09-02 17:37:24.018101.png,8,surf,True
59,2023-09-02 18:37:53.694526,images/wave/2023-09-02 18:37:53.694526.png,12,surf,True
60,2023-09-02 19:38:24.215352,images/wave/2023-09-02 19:38:24.215352.png,12,surf,True
61,2023-09-02 20:38:51.297916,images/wave/2023-09-02 20:38:51.297916.png,2,surf,True
62,2023-09-03 08:39:19.499847,images/wave/2023-09-03 08:39:19.499847.png,4,surf,True
63,2023-09-03 10:40:16.030676,images/wave/2023-09-03 10:40:16.030676.png,10,surf,True
64,2023-09-03 11:40:45.354252,images/wave/2023-09-03 11:40:45.354252.png,10,surf,True
65,2023-09-04 08:45:29.840619,images/wave/2023-09-04 08:45:29.840619.png,6,surf,True
66,2023-09-04 09:45:59.736931,images/wave/2023-09-04 09:45:59.736931.png,8,surf,True
67,2023-09-04 10:46:28.887988,images/wave/2023-09-04 10:46:28.887988.png,9,surf,True
68,2023-09-04 11:46:58.403713,images/wave/2023-09-04 11:46:58.403713.png,7,surf,True
69,2023-09-04 12:47:25.804204,images/wave/2023-09-04 12:47:25.804204.png,15,surf,True
70,2023-09-04 13:47:55.369075,images/wave/2023-09-04 13:47:55.369075.png,10,surf,True
71,2023-09-04 14:48:25.003602,images/wave/2023-09-04 14:48:25.003602.png,9,surf,True
72,2023-09-04 15:48:54.271359,images/wave/2023-09-04 15:48:54.271359.png,11,surf,True
73,2023-09-04 16:49:24.090365,images/wave/2023-09-04 16:49:24.090365.png,7,surf,True
74,2023-09-04 17:49:52.930428,images/wave/2023-09-04 17:49:52.930428.png,6,surf,True
75,2023-09-04 18:50:23.153491,images/wave/2023-09-04 18:50:23.153491.png,6,surf,True
76,2023-09-04 19:50:52.534622,images/wave/2023-09-04 19:50:52.534622.png,8,surf,True
77,2023-09-05 09:52:23.371439,images/wave/2023-09-05 09:52:23.371439.png,3,surf,True
78,2023-09-05 10:52:52.566503,images/wave/2023-09-05 10:52:52.566503.png,1,surf,True
79,2023-09-05 11:53:22.129817,images/wave/2023-09-05 11:53:22.129817.png,5,surf,True
80,2023-09-05 12:53:51.808059,images/wave/2023-09-05 12:53:51.808059.png,4,surf,True
81,2023-09-05 13:54:23.508445,images/wave/2023-09-05 13:54:23.508445.png,3,surf,True
82,2023-09-05 15:55:22.226512,images/wave/2023-09-05 15:55:22.226512.png,4,surf,True
83,2023-09-05 16:55:51.979781,images/wave/2023-09-05 16:55:51.979781.png,5,surf,True
84,2023-09-05 17:56:22.164941,images/wave/2023-09-05 17:56:22.164941.png,7,surf,True
85,2023-09-05 18:56:53.019241,images/wave/2023-09-05 18:56:53.019241.png,10,surf,True
86,2023-09-05 19:57:23.121711,images/wave/2023-09-05 19:57:23.121711.png,8,surf,True
87,2023-09-06 08:58:21.661706,images/wave/2023-09-06 08:58:21.661706.png,4,surf,True
88,2023-09-06 09:58:49.993509,images/wave/2023-09-06 09:58:49.993509.png,4,surf,True
89,2023-09-06 10:59:17.968774,images/wave/2023-09-06 10:59:17.968774.png,7,surf,True
90,2023-09-07 13:06:47.625408,images/wave/2023-09-07 13:06:47.625408.png,8,surf,True
91,2023-09-07 14:07:17.296970,images/wave/2023-09-07 14:07:17.296970.png,8,surf,True
92,2023-09-07 15:07:44.443118,images/wave/2023-09-07 15:07:44.443118.png,9,surf,True
93,2023-09-07 16:08:12.183892,images/wave/2023-09-07 16:08:12.183892.png,7,surf,True
94,2023-09-07 17:08:41.801679,images/wave/2023-09-07 17:08:41.801679.png,10,surf,True
95,2023-09-07 18:09:08.988620,images/wave/2023-09-07 18:09:08.988620.png,10,surf,True
96,2023-09-07 19:09:38.587193,images/wave/2023-09-07 19:09:38.587193.png,8,surf,True
97,2023-09-07 20:10:07.334417,images/wave/2023-09-07 20:10:07.334417.png,6,surf,True
98,2023-09-08 08:10:37.641533,images/wave/2023-09-08 08:10:37.641533.png,2,surf,True
99,2023-09-08 09:11:07.071198,images/wave/2023-09-08 09:11:07.071198.png,3,surf,True
100,2023-09-08 10:11:35.237516,images/wave/2023-09-08 10:11:35.237516.png,6,surf,True
101,2023-09-08 11:12:04.825910,images/wave/2023-09-08 11:12:04.825910.png,6,surf,True
